{
    "Sobre Mim": {
      "nome": "Pedro Arthur José Vieira",
      "descricao": "Eu sou um entusiasta da tecnologia apaixonado por desenvolvimento web e software. Meu objetivo é aprender e crescer constantemente na área de tecnologia da informação.",
      "contato": "pedrojosemaria77@gmail.com",
      "linkedin": "https://www.linkedin.com/in/pedro-arthur-josé-vieira-1b7113183"
    },
    "Repositorios": [
      {
        "id": 1,
        "nome": "Nome do Repositório 1",
        "descricao": "Descrição do Repositório 1",
        "link": "https://github.com/seu_usuario/repositorio1"
      },
      {
        "id": 2,
        "nome": "Nome do Repositório 2",
        "descricao": "Descrição do Repositório 2",
        "link": "https://github.com/seu_usuario/repositorio2"
      },
      {
        "id": 3,
        "nome": "Nome do Repositório 3",
        "descricao": "Descrição do Repositório 3",
        "link": "https://github.com/seu_usuario/repositorio3"
      }
    ],
    "Slides": [
      {
        "id": 1,
        "imagem": "link_da_imagem_slide_1"
      },
      {
        "id": 2,
        "imagem": "link_da_imagem_slide_2"
      },
      {
        "id": 3,
        "imagem": "link_da_imagem_slide_3"
      },
      {
        "id": 4,
        "imagem": "link_da_imagem_slide_4"
      },
      {
        "id": 5,
        "imagem": "link_da_imagem_slide_5"
      }
    ],
    "Colegas": [
      {
        "id": 1,
        "nome": "Nome do Colega 1",
        "foto": "link_da_foto_colega_1"
      },
      {
        "id": 2,
        "nome": "Nome do Colega 2",
        "foto": "link_da_foto_colega_2"
      },
      {
        "id": 3,
        "nome": "Nome do Colega 3",
        "foto": "link_da_foto_colega_3"
      },
      {
        "id": 4,
        "nome": "Nome do Colega 4",
        "foto": "link_da_foto_colega_4"
      },
      {
        "id": 5,
        "nome": "Nome do Colega 5",
        "foto": "link_da_foto_colega_5"
      },
      {
        "id": 6,
        "nome": "Nome do Colega 6",
        "foto": "link_da_foto_colega_6"
      }
    ]
  }
  